Number,Gender,NameSet,Title,GivenName,MiddleInitial,Surname,AmountPaid,StreetAddress,City,State,StateFull,ZipCode,Country,CountryFull,Feedback,EmailAddress,Username,Password,BrowserUserAgent,TelephoneNumber,TelephoneCountryCode,MothersMaiden,Birthday,TropicalZodiac,CCType,CCNumber,CVV2,CCExpires,NationalID,UPS,WesternUnionMTCN,MoneyGramMTCN,Color,Occupation,Company,Vehicle,Domain,BloodType,Pounds,Kilograms,FeetInches,Centimeters,GUID,Latitude,Longitude,
35000,male,Igbo,Mr.,Igwebuike,U,Otutodilichukwu,4535.42,218 Nelson Mandela Drive,Seshego,LI,Limpopo,795,ZA,South Africa,,IgwebuikeOtutodilichukwu@einrot.com,Whemighthis,AiTah2uBech,"Mozilla/5.0 (Windows NT 6.1; WOW64) AppleWebKit/537.36 (KHTML, like Gecko) Chrome/43.0.2357.132 Safari/537.36",085 634 5398,27,Akobundu,3/20/86 0:00,Pisces,MasterCard,5.37E+15,113,18-May,,1Z 808 869 83 0350 701 1,1263616979,7102596,Red,Hand packager,G.I. Joe's,1996 BMW 745,BalanceCream.co.za,O+,173.8,79,"6' 2""",187,578b2616-dec5-4ac2-9c71-d1f4f98ab02f,-23.915696,29.285174,
35001,female,Russian,Ms.,Carolina,V,Koltsova,54435.7,1958 Sandown Rd,Vredendal,WC,Western Cape,8207,ZA,South Africa,"Thank you!,CarolinaKoltsova@superrito.com,Cumfornot67,phoo1ooVah,Mozilla/5.0 (Macintosh; Intel Mac OS X 10_10_3) AppleWebKit/537.36 (KHTML"," like Gecko) Chrome/43.0.2357.130 Safari/537.36""",084 956 3986,27,,2/16/67,Aquarius,MasterCard,###############################################################################################################################################################################################################################################################,261,17-Dec,,1Z 262 728 13 4688 032 7,5482693375,22348196,Green,Personnel administrator,Sound Advice,1992 Chrysler Daytona,DeveloperU.co.za,O+,183.5,83.4,"5' 0""",153,5830bbcb-aa0d-41e4-8531-aa6feb540bdb,-31.621286,18.425122,,,,
35002,female,American,Ms.,Rebecca,L,Treadway,22082.22,563 Mark Street,Tholongwe,LI,Limpopo,734,ZA,South Africa,Thank you, kindly!,RebeccaLTreadway@jourrapide.com,Hiondsheings,wah1ahRaix,"Mozilla/5.0 (Macintosh; Intel Mac OS X 10_10_4) AppleWebKit/600.7.12 (KHTML, like Gecko) Version/8.0.7 Safari/600.7.12",085 635 6231,27,Nelson,2/26/68,Pisces,MasterCard,5.29E+15,263,18-Feb,,1Z 857 102 66 0174 038 4,2108741202,67179639,Blue,Broker,Larry's Markets,2009 Opel Zafira,GolfingTricks.co.za,O+,190.1,86.4,"5' 7""",171,0830b5a2-a794-4b5d-97df-29f1b22be59d,-23.947305,29.644785
35003,male,Chinese,Mr.,Lok,Y,Ku,16743.49,247 Robertson Ave,Mokopane,LI,Limpopo,605,ZA,South Africa,,LokKu@fleckens.hu,Hasexce,aePai7wai,Mozilla/5.0 (X11; Ubuntu; Linux x86_64; rv:39.0) Gecko/20100101 Firefox/39.0,085 475 1790,27,Chien,1/2/93 0:00,Capricorn,MasterCard,5.40E+15,678,19-Jan,,1Z 051 621 65 6585 168 4,7235791822,25516325,Black,Benefits administrator,Total Quality,2009 Nissan Quest,PuppySkin.co.za,O+,211.2,96,"5' 6""",168,c95fb538-f103-4d26-890c-ef5df9a3bc7a,-24.083324,28.989734,
35004,male,Eritrean,Mr.,Kinfe,F,Dawit,18321.89,452 Loop St,Piketberg,WC,Western Cape,7335,ZA,South Africa,,KinfeDawit@dayrep.com,Hentireacted,Ob3vohD4ae,"Mozilla/5.0 (Windows NT 6.3; WOW64) AppleWebKit/537.36 (KHTML, like Gecko) Chrome/43.0.2357.134 Safari/537.36",082 813 1649,27,Haylom,1/15/91 0:00,Capricorn,MasterCard,5.56E+15,493,20-Aug,,1Z E41 F13 03 3983 239 5,4552889135,67257575,Black,"Dredge, excavating, and loading machine operator",Clemens Markets,1992 Renault 25,FatMenus.co.za,O+,240,109.1,"5' 10""",179,dd9da65a-05d2-4a9e-96ca-e53c88ab3103,-32.997919,18.671836,
35005,male,England/Wales,Mr.,Jonathan,M,Knight,56360.52,2138 Plein St,Kaapstad,WC,Western Cape,7872,ZA,South Africa,,JonathanKnight@dayrep.com,Conew1980,iengei1eeZ,Mozilla/5.0 (Windows NT 6.1; WOW64; rv:39.0) Gecko/20100101 Firefox/39.0,083 457 9765,27,Wilkins,11/20/80 0:00,Scorpio,Visa,4.72E+15,937,16-Oct,,1Z 2V0 Y73 95 2885 294 6,8818753105,13257688,Blue,Billing machine operator,Magna Consulting,2003 Honda Stream,ComedyDiary.co.za,O+,141,64.1,"5' 8""",173,1c7124db-248c-473d-9a4f-c827ff55db94,-33.986388,18.424142,
35006,male,Japanese (Anglicized),Mr.,Tsuneto,N,Kanegi,35164.49,565 Broad Rd,Kwaxuma,GA,Gauteng,1866,ZA,South Africa,,TsunetoKanegi@teleworm.us,Antoomp,eeM9phai,Mozilla/5.0 (Windows NT 6.1; WOW64; rv:39.0) Gecko/20100101 Firefox/39.0,084 103 9542,27,Kokura,10/12/57 0:00,Libra,Visa,4.92E+15,656,18-Apr,,1Z 966 F80 12 9341 632 8,9704976878,55260228,Green,Training and development coordinator,Ulbrich's,1997 Nissan Cefiro,ImpulseAlert.co.za,A+,183.9,83.6,"5' 9""",176,f9206d4d-9693-4e6c-bd60-2a490ad1a2c8,-25.339603,28.332103,
35007,female,Igbo,Ms.,Uzomma,O,Nwora,83261.46,2150 Brand St,Philippolis,FS,Free State,9970,ZA,South Africa,,UzommaNwora@rhyta.com,Cheneyourch,uuVeibiF3coo,"Mozilla/5.0 (X11; Linux x86_64) AppleWebKit/537.36 (KHTML, like Gecko) Chrome/43.0.2357.132 Safari/537.36",082 556 5819,27,Chieloka,4/26/64 0:00,Taurus,MasterCard,5.50E+15,983,20-Oct,,1Z 92V 423 80 9346 067 3,7666824506,17682398,Blue,Employment consultant,Strongbod,2008 Opel Movano,TripAffiliate.co.za,AB+,176.9,80.4,"5' 7""",171,6e8362cc-deef-47ee-bb69-80d31808dcff,-30.363236,25.217968,
35008,female,Italian,Dr.,Marina,A,Barese,30037.71,1963 Stanley Rd,Durban,KN,KwaZulu-Natal,4008,ZA,South Africa,,MarinaBarese@dayrep.com,Satich,iG6sai9AYei,"Mozilla/5.0 (Windows NT 6.1; WOW64) AppleWebKit/537.36 (KHTML, like Gecko) Chrome/43.0.2357.132 Safari/537.36",085 390 2459,27,Davide,11/23/91 0:00,Sagittarius,Visa,4.92E+15,444,20-Sep,,1Z A41 412 89 4916 979 9,1658801427,3600593,Purple,General manager,Simply Save,2004 Toyota Ipsum,HospitalRules.co.za,O+,216.9,98.6,"5' 4""",163,66c388fe-dc42-4f1b-b531-683a57a01ac4,-29.911444,31.050365,
35009,male,Russian,Mr.,Taras,L,Istomin,57375.96,216 Willow St,Willowmore,EC,Eastern Cape,6446,ZA,South Africa,,TarasIstomin@jourrapide.com,Gooppoiner,Quoo2nobie,"Mozilla/5.0 (X11; Linux x86_64) AppleWebKit/537.36 (KHTML, like Gecko) Ubuntu Chromium/43.0.2357.81 Chrome/43.0.2357.81 Safari/537.36",085 950 1811,27,,6/13/66 0:00,Gemini,MasterCard,5.33E+15,163,20-Aug,,1Z 908 Y24 90 6334 188 5,3043679227,61354032,Blue,Automotive service technician,Rite Solution,2014 Buick Verano,PokerHappens.co.za,A+,154,70,"5' 10""",178,a3f073ce-7dc7-4f49-ac44-2d397af2f377,-33.375983,23.47819,
35010,male,Eritrean,Mr.,Yonas,S,Hagos,52855.19,257 Prospect St,Pretoria,GA,Gauteng,35,ZA,South Africa,,YonasHagos@einrot.com,Youse1958,ooxooZ7aeph,"Mozilla/5.0 (Macintosh; Intel Mac OS X 10_10_3) AppleWebKit/600.5.17 (KHTML, like Gecko) Version/8.0.5 Safari/600.5.17",082 417 5835,27,Teodros,3/18/58 0:00,Pisces,Visa,4.72E+15,563,18-Dec,,1Z 277 Y89 29 1519 990 3,8090291423,90109061,Orange,Industrial production manager,Idea Infinity,1997 Vauxhall Astra,MobileIrons.co.za,O-,186.8,84.9,"6' 0""",182,1048f3d0-44a1-48e9-a074-eca3530dc102,-25.608629,28.271262,